ID,Total_Entries,Avg_Sentiment_Score,Avg_Emotion_Score,Total_Avatar_Interactions,Total_Avatar_Customizations
27560,5,-0.6,-2.0,3.0,1.0
39205,6,6.0,0.16666666666666666,76.0,4.0
47061,3,7.333333333333333,0.0,8.0,2.0
58740,2,4.5,2.5,16.0,2.0
76435,8,-1.375,0.0,14.0,2.0
91852,3,3.3333333333333335,1.3333333333333333,8.0,1.0
